Activity	ID	X_Group_Name
xylanase	2d97.pdb	jelly-roll
Polysaccharide lyase 8	7fhv.pdb_A	alpha/alpha toroid
Polysaccharide lyase 8	7fhv.pdb_B	alpha/alpha toroid
Polysaccharide lyase 8	7fhy.pdb_A	alpha/alpha toroid
Polysaccharide lyase 8	7fhy.pdb_B	alpha/alpha toroid
Polysaccharide lyase 8	7fi2.pdb	alpha/alpha toroid
Pectin lyase	A1l_00058_A_1_1_128.pdb	right-handed beta-helix
Chitinase II	AF-A0A089GJA0-F1-model_v4_A_2_186_447.pdb	TIM beta/alpha-barrel
Chondroitin AC/alginate lyase	AF-A0A094HNY5-F1-model_v4.pdb	alpha/alpha toroid
Pectin lyase fold/virulence factor	AF-A0A0A6QEK9-F1-model_v4.pdb	right-handed beta-helix
Pectin lyase fold/virulence factor	AF-A0A0B5KP61-F1-model_v4.pdb	right-handed beta-helix
Pectin lyase	AF-A0A0D3A0D6-F1-model_v4.pdb	right-handed beta-helix
Sialidase	AF-A0A0E2ALL6-F1-model_v4.pdb	6-bladed beta-propeller
Pectin lyase fold/virulence factor	AF-A0A0F6AK51-F1-model_v4.pdb	right-handed beta-helix
Pectin lyase	AF-A0A0R3Q9P4-F1-model_v4.pdb	right-handed beta-helix
Polysaccharide lyase 8	AF-A0A0U0KAG7-F1-model_v4.pdb	alpha/alpha toroid
Chitinase II	AF-A0A166VHV0-F1-model_v4.pdb	TIM beta/alpha-barrel
Pectin lyase	AF-A0A1E5LEG1-F1-model_v4.pdb	right-handed beta-helix
Chondroitin AC/alginate lyase	AF-A0A1R0YSK0-F1-model_v4.pdb	alpha/alpha toroid
Chitinase II	AF-A0A202B6A7-F1-model_v4.pdb	TIM beta/alpha-barrel
Pectin lyase	AF-A0A2G9G7P4-F1-model_v4.pdb	right-handed beta-helix
Chondroitin AC/alginate lyase	AF-A0A318SII1-F1-model_v4.pdb	alpha/alpha toroid
depolymerase	AF-A0A3A2ZV15-F1-model_v4.pdb	right-handed beta-helix
Sialidase	AF-A0A496B6X2-F1-model_v4.pdb	6-bladed beta-propeller
Polysaccharide lyase 8	AF-A0A4R4ZFU1-F1-model_v4.pdb	alpha/alpha toroid
Rhamnogalacturonan lyase	AF-A0A4V2M274-F1-model_v4_A_1_91_268.pdb	jelly-roll
Polysaccharide lyase 8	AF-A0A4Y4KJB2-F1-model_v4.pdb	alpha/alpha toroid
Pectin lyase	AF-A0A562WF65-F1-model_v4.pdb	right-handed beta-helix
Sialidase	AF-A0A654UB90-F1-model_v4.pdb	6-bladed beta-propeller
Pectin lyase	AF-A0A658Y395-F1-model_v4.pdb	right-handed beta-helix
Pectin lyase	AF-A0A6V8K287-F1-model_v4.pdb	right-handed beta-helix
Sialidase	AF-A0A7C4BP91-F1-model_v4.pdb	6-bladed beta-propeller
Sialidase	AF-A0A7G2DEW9-F1-model_v4.pdb	6-bladed beta-propeller
Pectin lyase	AF-A0A7K3HGV9-F1-model_v4.pdb	right-handed beta-helix
Rhamnogalacturonan lyase	AF-A0A7W9JCS6-F1-model_v4_A_1_95_273.pdb	jelly-roll
Pectin lyase	AF-A0A831UGW4-F1-model_v4.pdb	right-handed beta-helix
Hyaluronidase	AF-C0HLL5-F1-model_v4.pdb	TIM beta/alpha-barrel
Polysaccharide lyase 8	AF-D5AI61-F1-model_v4.pdb	alpha/alpha toroid
Pectin lyase	AF-H8FMB0-F1-model_v4.pdb	right-handed beta-helix
Beta-glucosidase	AF-H9BBE9-F1-model_v4.pdb	Other
Hyaluronidase	AF-P49370-F1-model_v4.pdb	TIM beta/alpha-barrel
Hyaluronidase	AF-P49371-F1-model_v4.pdb	TIM beta/alpha-barrel
depolymerase	AF-R8BYA3-F1-model_v4.pdb	Alpha/Beta hydrolase fold
Rhamnogalacturonan lyase	e5opjA1	alpha/alpha toroid
Rhamnogalacturonan acetylesterase	e1pp4B1	Flavodoxin-like
